date,subreddit,ticker,post_count,total_mentions
2026-04-23,investing,AI,1,1
2026-04-23,investing,ASIA,1,1
2026-04-23,investing,BOTZ,1,1
2026-04-23,investing,IREN,1,1
2026-04-23,investing,IV,1,1
2026-04-23,investing,K,1,1
2026-04-23,investing,KOID,1,1
2026-04-23,investing,LIT,1,1
2026-04-23,investing,NW,1,1
2026-04-23,investing,OFF,9,9
2026-04-23,investing,ON,9,9
2026-04-23,investing,SPR,1,1
2026-04-23,investing,USOI,1,1
2026-04-23,investing,WTAI,1,1
2026-04-23,investing,X,1,1
2026-04-23,investing,Y,1,1
2026-04-23,stocks,ADBE,1,1
2026-04-23,stocks,AI,1,2
2026-04-23,stocks,API,1,1
2026-04-23,stocks,APP,1,1
2026-04-23,stocks,APPN,1,1
2026-04-23,stocks,ASAN,1,1
2026-04-23,stocks,BOX,1,1
2026-04-23,stocks,CFLT,1,1
2026-04-23,stocks,CRM,1,1
2026-04-23,stocks,CRWD,1,1
2026-04-23,stocks,DB,1,1
2026-04-23,stocks,DBX,1,1
2026-04-23,stocks,DDOG,1,1
2026-04-23,stocks,DOCU,1,1
2026-04-23,stocks,DT,1,1
2026-04-23,stocks,ERP,1,1
2026-04-23,stocks,ESTC,1,1
2026-04-23,stocks,ET,1,2
2026-04-23,stocks,FERC,1,3
2026-04-23,stocks,FIG,1,1
2026-04-23,stocks,FRSH,1,1
2026-04-23,stocks,GTLB,1,1
2026-04-23,stocks,HUBS,1,1
2026-04-23,stocks,INTU,1,1
2026-04-23,stocks,KMI,1,1
2026-04-23,stocks,KVYO,1,1
2026-04-23,stocks,LNG,1,4
2026-04-23,stocks,MDB,1,1
2026-04-23,stocks,MNDY,1,1
2026-04-23,stocks,MPLX,1,1
2026-04-23,stocks,MSFT,1,1
2026-04-23,stocks,NET,1,1
2026-04-23,stocks,OFF,4,4
2026-04-23,stocks,OKE,1,1
2026-04-23,stocks,OKTA,1,1
2026-04-23,stocks,ON,4,4
2026-04-23,stocks,ORCL,1,1
2026-04-23,stocks,PAA,1,1
2026-04-23,stocks,PANW,1,1
2026-04-23,stocks,PATH,1,1
2026-04-23,stocks,PAYC,1,1
2026-04-23,stocks,PCOR,1,1
2026-04-23,stocks,PCTY,1,1
2026-04-23,stocks,PD,1,1
2026-04-23,stocks,PLTR,1,1
2026-04-23,stocks,S,1,2
2026-04-23,stocks,SAP,1,1
2026-04-23,stocks,SHOP,1,1
2026-04-23,stocks,SK,1,1
2026-04-23,stocks,SMAR,1,1
2026-04-23,stocks,SNOW,1,1
2026-04-23,stocks,TEAM,1,1
2026-04-23,stocks,TOST,1,1
2026-04-23,stocks,TTD,1,1
2026-04-23,stocks,TWLO,1,1
2026-04-23,stocks,U,1,1
2026-04-23,stocks,US,1,2
2026-04-23,stocks,WDAY,1,1
2026-04-23,stocks,WMB,1,2
2026-04-23,stocks,Y,1,1
2026-04-23,stocks,ZM,1,1
2026-04-23,stocks,ZS,1,1
2026-04-23,wallstreetbets,AE,1,1
2026-04-23,wallstreetbets,AI,1,4
2026-04-23,wallstreetbets,B,2,8
2026-04-23,wallstreetbets,CAD,1,3
2026-04-23,wallstreetbets,D,1,1
2026-04-23,wallstreetbets,EOY,1,3
2026-04-23,wallstreetbets,GLD,1,1
2026-04-23,wallstreetbets,GOOGL,1,3
2026-04-23,wallstreetbets,IREN,1,2
2026-04-23,wallstreetbets,K,1,3
2026-04-23,wallstreetbets,LEAP,1,1
2026-04-23,wallstreetbets,LFG,1,1
2026-04-23,wallstreetbets,M,2,3
2026-04-23,wallstreetbets,MSFT,1,1
2026-04-23,wallstreetbets,NBIS,1,1
2026-04-23,wallstreetbets,O,2,2
2026-04-23,wallstreetbets,OFF,8,8
2026-04-23,wallstreetbets,ON,8,8
2026-04-23,wallstreetbets,P,1,3
2026-04-23,wallstreetbets,PE,1,1
2026-04-23,wallstreetbets,POET,1,3
2026-04-23,wallstreetbets,RDW,1,4
2026-04-23,wallstreetbets,RKLB,1,3
2026-04-23,wallstreetbets,S,1,3
2026-04-23,wallstreetbets,T,1,1
2026-04-23,wallstreetbets,TSLA,2,2
2026-04-23,wallstreetbets,WSB,1,1
2026-04-23,wallstreetbets,X,1,11
2026-04-23,wallstreetbets,ZERO,1,1
2026-04-22,investing,AGI,1,1
2026-04-22,investing,AI,1,1
2026-04-22,investing,AMZN,1,3
2026-04-22,investing,AWS,1,1
2026-04-22,investing,CAPE,1,1
2026-04-22,investing,CBP,1,1
2026-04-22,investing,CD,1,2
2026-04-22,investing,E,1,2
2026-04-22,investing,EU,1,8
2026-04-22,investing,F,1,1
2026-04-22,investing,FAQ,1,1
2026-04-22,investing,FNCMX,1,5
2026-04-22,investing,FNILX,1,2
2026-04-22,investing,FSELX,1,7
2026-04-22,investing,FTBFX,1,1
2026-04-22,investing,FTSE,1,1
2026-04-22,investing,FXNAX,1,1
2026-04-22,investing,FZILX,1,4
2026-04-22,investing,FZROX,1,6
2026-04-22,investing,GOOGL,1,2
2026-04-22,investing,HYSA,1,1
2026-04-22,investing,IPO,1,1
2026-04-22,investing,ISA,1,2
2026-04-22,investing,LIDL,1,2
2026-04-22,investing,M,1,2
2026-04-22,investing,MSFT,1,1
2026-04-22,investing,MU,1,1
2026-04-22,investing,NAV,1,5
2026-04-22,investing,OFF,13,13
2026-04-22,investing,ON,13,13
2026-04-22,investing,P,2,4
2026-04-22,investing,PCS,1,2
2026-04-22,investing,REIT,1,2
2026-04-22,investing,RS,1,6
2026-04-22,investing,S,2,4
2026-04-22,investing,SEC,2,4
2026-04-22,investing,TO,1,10
2026-04-22,investing,TTM,1,3
2026-04-22,investing,U,2,2
2026-04-22,investing,UK,1,1
2026-04-22,investing,US,2,4
2026-04-22,investing,UTES,1,6
2026-04-22,investing,VHCOL,1,2
2026-04-22,investing,VSEQX,1,1
2026-04-22,investing,VTI,1,1
2026-04-22,investing,VUG,1,1
2026-04-22,investing,VWNAX,1,1
2026-04-22,investing,VXUS,1,1
2026-04-22,investing,X,1,2
2026-04-22,investing,XXXXX,1,1
2026-04-22,stocks,AI,4,8
2026-04-22,stocks,ALL,1,1
2026-04-22,stocks,ALOUS,1,1
2026-04-22,stocks,AMC,1,4
2026-04-22,stocks,AND,1,2
2026-04-22,stocks,APE,1,1
2026-04-22,stocks,B,1,2
2026-04-22,stocks,BE,1,1
2026-04-22,stocks,BYD,1,1
2026-04-22,stocks,CAMT,1,1
2026-04-22,stocks,CAPE,1,1
2026-04-22,stocks,CAUSE,1,2
2026-04-22,stocks,CBP,1,1
2026-04-22,stocks,CHART,1,1
2026-04-22,stocks,CNBC,2,4
2026-04-22,stocks,CPNG,1,1
2026-04-22,stocks,CULT,1,1
2026-04-22,stocks,CURLF,1,1
2026-04-22,stocks,DAY,1,1
2026-04-22,stocks,DID,1,1
2026-04-22,stocks,EARCH,1,1
2026-04-22,stocks,ECENT,1,1
2026-04-22,stocks,EPS,2,4
2026-04-22,stocks,FROM,1,1
2026-04-22,stocks,GME,1,3
2026-04-22,stocks,GOOG,1,1
2026-04-22,stocks,GOTTA,1,1
2026-04-22,stocks,GTBIF,1,1
2026-04-22,stocks,GUYS,1,1
2026-04-22,stocks,HBM,1,1
2026-04-22,stocks,HERE,1,1
2026-04-22,stocks,HMC,1,2
2026-04-22,stocks,HOUR,1,1
2026-04-22,stocks,HVDC,1,2
2026-04-22,stocks,IEO,1,1
2026-04-22,stocks,III,1,1
2026-04-22,stocks,IM,1,1
2026-04-22,stocks,IRA,1,1
2026-04-22,stocks,ITS,1,1
2026-04-22,stocks,JUST,1,1
2026-04-22,stocks,LSEG,1,1
2026-04-22,stocks,M,1,1
2026-04-22,stocks,MADE,1,1
2026-04-22,stocks,MAKE,1,1
2026-04-22,stocks,MARA,1,1
2026-04-22,stocks,MAT,1,1
2026-04-22,stocks,ME,1,1
2026-04-22,stocks,MONEY,1,2
2026-04-22,stocks,MOUNT,1,1
2026-04-22,stocks,MSFT,1,3
2026-04-22,stocks,MSOS,1,1
2026-04-22,stocks,MU,1,8
2026-04-22,stocks,NATO,1,1
2026-04-22,stocks,NIO,1,1
2026-04-22,stocks,NOT,1,2
2026-04-22,stocks,NOW,1,2
2026-04-22,stocks,OF,1,3
2026-04-22,stocks,OFF,15,15
2026-04-22,stocks,ON,15,15
2026-04-22,stocks,ONE,1,2
2026-04-22,stocks,OR,1,1
2026-04-22,stocks,PART,1,1
2026-04-22,stocks,PCS,2,4
2026-04-22,stocks,RELAX,1,1
2026-04-22,stocks,RTX,1,1
2026-04-22,stocks,S,6,9
2026-04-22,stocks,SHIT,1,1
2026-04-22,stocks,SO,1,1
2026-04-22,stocks,TCNNF,1,1
2026-04-22,stocks,TDG,1,1
2026-04-22,stocks,THANK,1,1
2026-04-22,stocks,THE,1,3
2026-04-22,stocks,THIS,1,2
2026-04-22,stocks,TO,1,3
2026-04-22,stocks,TPU,1,2
2026-04-22,stocks,TRADE,1,1
2026-04-22,stocks,TWO,1,1
2026-04-22,stocks,U,5,8
2026-04-22,stocks,URI,1,1
2026-04-22,stocks,US,1,3
2026-04-22,stocks,VOO,1,1
2026-04-22,stocks,WEEK,1,1
2026-04-22,stocks,Y,1,1
2026-04-22,stocks,YMORE,1,1
2026-04-22,stocks,YOU,1,1
2026-04-22,stocks,YTD,1,2
2026-04-22,wallstreetbets,AAOI,2,2
2026-04-22,wallstreetbets,AI,3,6
2026-04-22,wallstreetbets,AMET,2,2
2026-04-22,wallstreetbets,AMKR,2,2
2026-04-22,wallstreetbets,ANET,1,4
2026-04-22,wallstreetbets,ASX,2,2
2026-04-22,wallstreetbets,CIEN,2,2
2026-04-22,wallstreetbets,CRDO,2,2
2026-04-22,wallstreetbets,CRWV,2,2
2026-04-22,wallstreetbets,CSCO,2,2
2026-04-22,wallstreetbets,DRAM,2,2
2026-04-22,wallstreetbets,FN,2,2
2026-04-22,wallstreetbets,FPS,2,2
2026-04-22,wallstreetbets,GFS,2,2
2026-04-22,wallstreetbets,GLW,2,2
2026-04-22,wallstreetbets,ITM,1,1
2026-04-22,wallstreetbets,JK,1,1
2026-04-22,wallstreetbets,K,2,4
2026-04-22,wallstreetbets,LITE,2,2
2026-04-22,wallstreetbets,LULU,1,3
2026-04-22,wallstreetbets,M,1,3
2026-04-22,wallstreetbets,MACOM,2,2
2026-04-22,wallstreetbets,MSFT,2,4
2026-04-22,wallstreetbets,MTSI,2,2
2026-04-22,wallstreetbets,MU,1,4
2026-04-22,wallstreetbets,NVDA,1,3
2026-04-22,wallstreetbets,OFF,9,9
2026-04-22,wallstreetbets,ON,9,9
2026-04-22,wallstreetbets,ORCL,1,4
2026-04-22,wallstreetbets,PWR,2,2
2026-04-22,wallstreetbets,QQQ,1,1
2026-04-22,wallstreetbets,RHF,1,1
2026-04-22,wallstreetbets,STEM,2,2
2026-04-22,wallstreetbets,VIAV,2,2
2026-04-22,wallstreetbets,VICR,2,2
2026-04-22,wallstreetbets,XXVIS,1,2
2026-04-22,wallstreetbets,YTD,2,2
2026-04-21,investing,OFF,2,2
2026-04-21,investing,ON,2,2
2026-04-21,investing,PCE,1,1
2026-04-21,investing,US,1,1
2026-04-21,stocks,AI,1,2
2026-04-21,stocks,AND,1,1
2026-04-21,stocks,B,1,1
2026-04-21,stocks,BE,1,1
2026-04-21,stocks,BITAL,1,1
2026-04-21,stocks,CNBC,1,2
2026-04-21,stocks,CTURE,1,1
2026-04-21,stocks,DATA,1,1
2026-04-21,stocks,F,1,2
2026-04-21,stocks,FOR,1,1
2026-04-21,stocks,IABLE,1,1
2026-04-21,stocks,IALLY,1,1
2026-04-21,stocks,IEEPA,1,1
2026-04-21,stocks,IPO,1,1
2026-04-21,stocks,MARS,1,1
2026-04-21,stocks,MAY,1,1
2026-04-21,stocks,MOON,1,1
2026-04-21,stocks,NOT,1,1
2026-04-21,stocks,NTERS,1,1
2026-04-21,stocks,OFF,5,5
2026-04-21,stocks,ON,5,5
2026-04-21,stocks,PACEX,1,1
2026-04-21,stocks,PLANS,1,1
2026-04-21,stocks,S,2,4
2026-04-21,stocks,SAYS,1,1
2026-04-21,stocks,U,2,4
2026-04-21,stocks,UK,1,1
2026-04-21,stocks,VOO,1,1
2026-04-21,stocks,VT,1,1
2026-04-21,stocks,X,1,2
2026-04-01,investing,AMA,1,2
2026-04-01,investing,CIRO,1,1
2026-04-01,investing,DM,1,1
2026-04-01,investing,FINRA,1,2
2026-04-01,investing,IAPD,1,1
2026-04-01,investing,OFF,1,1
2026-04-01,investing,ON,1,1
2026-04-01,investing,OP,1,1
2026-04-01,investing,SEC,1,2
2026-04-01,investing,US,1,2
2026-03-01,stocks,F,1,1
2026-03-01,stocks,OFF,1,1
2026-03-01,stocks,ON,1,1
